Name,Coef.,Std. Error,Lower 95%,Upper 95%
D,0.00030174790351007936,8.729729305270442e-6,0.0002846379484769654,0.0003188578585431933
σ,204.7521530226538,3.3740916626405286,198.1390548833415,211.3652511619661
