Name,Coef.,Std. Error,Lower 95%,Upper 95%
D,0.0002430599557529889,1.1266594107689892e-5,0.0002209778370734855,0.00026514207443249235
σ,248.82127922048593,6.798962007332095,235.49555855385884,262.146999887113
