Name,Coef.,Std. Error,Lower 95%,Upper 95%
D,0.025959013303563545,0.0022208235039477874,0.02160627921980583,0.030311747387321262
σ,21.40307470002463,0.9831648407998747,19.476107021190813,23.330042378858444
