Name,Coef.,Std. Error,Lower 95%,Upper 95%
D,0.03419772400885236,0.001637168882656362,0.030988931962236205,0.03740651605546852
σ,16.848846211325295,0.42788628797468503,16.010204497416378,17.687487925234212
