Name,Coef.,Std. Error,Lower 95%,Upper 95%
D,0.03467967536109549,0.002473658882499282,0.02983139304135929,0.039527957680831685
σ,18.918467016517,0.7322723934391866,17.483239498503245,20.353694534530753
