Name,Coef.,Std. Error,Lower 95%,Upper 95%
D,0.0024969326035894574,0.00028566336531958206,0.0019370426958605672,0.0030568225113183477
β,0.553625170167964,0.024502689410585244,0.5056007813988459,0.601649558937082
σ,248.1032303483284,8.65796617774089,231.1339284605903,265.0725322360665
