Name,Coef.,Std. Error,Lower 95%,Upper 95%
D,0.04859557467113475,0.006975706168106959,0.03492344181491118,0.062267707527358315
β,0.2999625714877996,0.008726867380726505,0.2828582257237182,0.31706691725188096
σ,28.89449795163197,2.2712916079653356,24.442848201631836,33.346147701632106
